ID,y
1,81.76701
2,93.42265
3,81.92086
4,79.08047
5,101.40711
8,90.06079
10,107.2379
11,87.31547
12,112.85479
14,91.451775
15,115.77957
16,104.95142
17,94.20035
19,91.070244
20,104.94002
21,93.098785
22,116.4711
23,92.828926
26,89.51123
28,94.098915
29,92.828926
33,92.828926
35,88.50463
41,91.18694
42,86.7188
43,115.23525
45,99.34221
46,105.38029
51,87.95623
53,78.22154
55,110.16463
56,90.98377
57,97.762794
58,91.34168
59,97.87616
63,107.79371
64,88.6789
65,107.43197
69,91.90834
71,90.69958
72,99.401535
73,88.15967
76,97.59249
77,99.00541
78,114.575874
82,89.04538
83,107.43197
84,92.0029
85,96.69371
87,106.10901
88,91.18694
89,109.16442
91,91.09382
93,90.02131
94,101.711975
95,89.96198
96,103.81792
97,87.25568
98,105.49684
99,89.44598
101,98.81269
103,109.16442
104,88.08996
105,108.95207
110,88.1684
111,104.59071
113,104.91651
114,88.95199
115,104.47172
117,109.16442
120,89.62753
121,107.58159
122,88.39238
123,107.4611
126,105.79304
132,107.46544
135,97.993454
137,98.69707
138,86.5236
140,90.9568
142,102.179634
144,107.97549
148,86.987465
149,108.07233
155,88.099335
156,105.75593
157,87.25568
162,107.92632
163,94.015854
167,89.44722
172,115.23525
179,109.04814
180,90.309
181,105.9527
182,90.81559
183,109.16443
185,109.16442
187,108.340805
188,89.2202
189,89.63027
191,88.889435
192,110.44922
193,88.75329
194,109.3316
195,85.53017
196,109.17781
198,88.333984
199,106.71483
201,102.30767
204,87.61132
205,104.61825
206,88.47528
210,90.364456
211,98.81269
216,106.62059
219,115.72477
220,89.919846
221,106.81109
226,105.9527
227,90.410126
228,106.08743
230,106.44438
231,87.25568
235,114.32968
236,87.69682
238,105.37564
242,99.724495
243,91.50342
244,76.52959
245,108.59581
247,108.3993
248,87.26751
249,89.03197
250,107.36397
251,87.69682
253,114.32968
254,91.713905
256,89.965126
257,86.75313
258,120.429436
259,89.785034
262,73.47702
266,88.003296
267,108.30192
272,98.80405
273,109.16442
275,88.8495
276,105.03549
279,89.88121
280,107.43197
283,88.510185
285,105.90986
288,109.16442
289,92.83494
290,100.8618
291,91.38161
292,105.8289
293,108.08084
296,87.31768
297,107.493034
298,114.793976
299,88.58766
304,86.31263
305,74.97836
306,87.075615
307,107.285
311,109.55245
313,106.79493
314,88.03749
316,91.15321
324,89.380775
327,92.17258
329,86.43486
330,110.01432
337,99.85291
338,87.95806
339,104.557556
340,87.71052
343,89.22835
345,112.8956
346,88.16931
347,108.922104
349,110.791466
350,87.37694
352,109.33607
353,85.22403
354,72.48451
357,86.17544
358,110.272354
362,106.68838
364,116.17507
365,100.99904
366,93.93259
367,107.42974
368,89.04056
370,73.221565
373,90.22188
377,86.26343
378,105.63397
382,97.79068
384,106.99621
390,89.91455
392,109.08671
393,111.312874
395,89.922386
396,102.56679
399,78.744156
406,106.79493
408,106.79493
409,89.30504
410,75.802795
412,111.29101
413,86.59003
419,89.07613
420,106.47972
421,86.05434
430,90.74862
434,88.65356
436,86.30314
437,91.357056
438,86.704285
439,107.39629
440,91.21946
443,109.04998
446,88.02904
448,89.09002
452,89.47664
453,100.087166
457,103.30299
458,88.605415
459,109.5047
460,98.3318
462,98.229004
464,94.246666
465,114.971466
467,114.60612
471,105.68227
472,72.924644
473,97.58702
475,89.665504
480,91.41103
488,106.68321
490,107.285
491,100.31082
492,78.322784
493,86.324265
497,86.938614
498,109.40812
499,91.19819
500,106.78544
501,88.56402
502,110.54684
506,84.66897
510,103.60274
511,89.437874
512,87.511246
516,87.57927
518,88.55752
519,106.05285
521,88.68834
522,106.20303
526,108.51573
529,93.79899
532,107.63141
533,88.952896
536,107.36173
537,94.10982
539,89.01822
540,100.619675
541,86.74155
543,89.31871
546,107.32204
547,87.51472
548,75.00313
551,87.71597
552,98.327415
556,95.7522
557,92.00356
558,107.42974
559,88.86053
560,103.37601
562,104.52416
566,93.072266
570,109.40812
571,91.357056
572,106.8303
573,88.78692
575,114.97146
576,105.73518
577,89.057625
579,88.38496
580,106.64714
581,107.659515
589,107.285
591,99.53809
593,91.24298
594,97.83974
595,90.18509
598,87.69836
602,105.62293
604,107.87378
606,106.60893
608,94.539215
609,99.724396
610,88.758194
616,106.22066
617,90.79048
618,98.93608
620,99.18086
622,108.163795
623,86.87225
624,136.29262
626,108.893936
628,110.05449
629,89.54033
630,107.367195
637,89.07676
638,100.63627
643,92.460175
645,91.41105
646,119.45235
648,88.940216
652,93.29567
653,90.35751
654,109.40812
656,108.27012
657,90.196655
659,87.054306
660,99.83215
663,87.203896
664,109.4801
666,101.23918
668,106.28377
669,87.50213
671,88.714485
675,86.35769
677,87.52223
678,108.7797
679,100.76656
682,88.93894
685,100.39643
687,90.00562
688,84.7372
693,108.79637
696,90.63378
698,91.26089
701,90.850235
704,101.05245
705,114.0932
709,107.3881
710,90.3763
711,99.13206
712,90.55531
714,106.067635
715,92.55962
716,108.328476
717,88.9484
720,113.79922
721,89.402725
724,95.78866
725,86.955475
726,111.721146
728,108.166245
731,91.48452
734,99.50115
738,92.01286
745,106.52288
746,86.59282
751,74.57487
754,89.403076
756,89.740326
758,91.88111
759,107.35476
761,114.586975
766,86.71869
767,105.26326
768,88.60089
769,106.532776
770,91.25698
771,77.735634
772,101.19377
773,88.27324
774,108.20482
776,106.17004
777,92.07323
780,115.37411
782,100.238464
787,101.31089
788,89.95355
792,88.32336
793,108.52094
798,89.28818
800,89.24511
806,108.328476
809,105.06815
811,107.808395
812,88.72359
814,115.72738
816,97.86061
817,89.395515
818,109.76502
820,105.18808
823,89.80561
829,90.16672
830,105.13931
831,86.41698
834,107.32749
839,91.22769
841,76.62134
844,98.43999
845,89.59435
848,87.845924
850,93.99942
851,98.78302
852,88.061264
854,88.2433
855,88.818665
856,98.24195
859,94.66174
861,108.20482
864,88.42795
865,107.405945
866,90.736916
867,89.56077
869,95.01698
871,89.19431
872,108.328476
882,98.905556
883,89.02421
885,89.05428
888,91.797264
893,107.34398
901,107.722496
903,100.02199
904,88.110405
905,96.85829
910,92.12531
911,101.775696
914,107.28512
918,108.87121
921,87.229836
928,90.78486
929,97.471306
932,88.78169
933,103.332565
934,92.12531
935,107.84986
937,76.035355
939,90.2393
940,100.4868
941,87.929665
942,100.091934
943,89.5206
944,96.67417
947,108.328476
949,107.53496
951,110.66905
952,89.42585
953,100.02199
954,71.99197
957,105.24409
959,88.14035
960,112.88916
963,115.72738
965,108.328476
967,99.04128
971,89.02233
972,76.60909
973,87.827034
974,106.527695
975,88.08219
978,115.69606
980,117.04308
981,91.39682
984,107.7943
986,92.12531
988,88.60089
989,106.58482
990,97.92788
992,107.722496
996,92.09175
999,115.50887
1000,87.856705
1001,107.405945
1002,88.60251
1003,106.170044
1004,87.228
1008,106.319626
1009,87.40906
1010,99.79091
1012,115.8665
1013,84.88722
1014,106.61218
1015,90.64437
1016,115.75334
1019,92.13736
1020,109.249115
1021,92.12531
1022,99.16791
1024,92.12531
1025,71.26054
1027,94.72664
1028,97.62545
1029,88.65208
1030,90.5276
1033,107.30072
1036,84.84193
1037,108.14227
1038,88.21509
1042,90.2393
1043,100.65094
1044,88.12968
1045,107.37775
1047,111.99488
1050,90.98985
1051,108.6199
1054,89.454254
1056,91.39682
1057,89.774445
1059,89.91272
1062,96.01345
1063,100.52377
1064,91.39682
1066,87.2863
1070,100.12439
1076,107.25345
1077,97.78496
1078,107.10237
1080,109.0543
1082,110.57466
1083,91.57553
1089,108.625175
1091,92.065254
1093,87.58664
1097,89.70567
1099,87.22858
1101,90.87116
1103,88.167
1104,108.60706
1106,107.61245
1109,86.667755
1110,109.24529
1111,89.62239
1112,108.74016
1114,89.278435
1116,90.3946
1117,110.26921
1120,91.77611
1124,107.12902
1125,84.30641
1126,104.44496
1134,105.76836
1137,89.38928
1138,110.987
1144,106.66415
1145,92.29016
1146,87.34975
1148,89.65914
1150,91.67317
1152,97.53567
1153,91.01213
1154,98.9648
1155,90.17095
1157,94.012726
1162,90.27961
1165,106.63471
1166,86.671455
1167,98.097725
1168,90.89873
1169,94.798805
1171,114.71718
1172,91.75038
1173,94.798805
1174,88.79643
1176,89.71259
1177,97.24611
1178,86.96634
1182,105.23687
1186,91.01609
1187,112.909805
1188,88.38063
1189,115.97064
1191,103.64821
1192,90.21334
1197,107.041176
1198,89.50803
1200,77.08568
1201,90.92766
1203,91.726555
1209,116.40666
1214,96.763275
1218,112.107834
1222,87.80885
1226,89.4498
1228,87.8757
1230,84.53429
1232,76.9641
1233,91.306885
1236,110.32413
1238,94.4787
1241,106.66415
1244,102.886856
1246,88.2288
1247,110.34755
1250,110.01341
1251,90.10911
1254,109.2656
1255,91.56712
1256,109.835075
1257,87.2865
1258,88.109985
1259,106.58079
1260,88.22317
1263,106.93129
1267,76.86969
1268,107.082214
1271,90.21072
1272,106.15202
1274,103.94264
1275,90.27961
1276,107.52328
1277,88.392166
1279,87.34975
1281,90.83234
1282,88.38063
1283,105.151855
1285,101.7784
1286,89.51245
1289,108.54702
1296,112.61678
1299,91.82308
1301,91.09178
1306,90.53117
1307,88.930374
1308,89.519226
1313,107.52328
1314,91.70686
1315,109.24529
1316,90.18647
1317,106.71636
1319,88.14339
1323,90.70267
1324,100.040215
1325,89.863144
1328,97.44701
1329,87.13855
1330,108.16797
1331,87.99701
1332,103.82199
1337,90.78268
1338,110.094826
1339,88.82106
1340,106.86524
1343,106.061844
1347,99.31935
1348,89.12795
1349,103.2284
1352,89.31447
1354,90.22809
1359,104.24744
1360,92.45135
1363,108.71043
1364,91.39661
1365,98.41459
1366,89.98314
1372,90.120316
1375,101.05976
1376,90.03447
1378,88.84377
1379,108.8267
1380,92.694374
1381,95.58434
1384,107.01538
1387,93.53833
1388,109.274956
1392,75.0212
1394,95.92
1395,92.74982
1396,108.82024
1398,88.048454
1399,108.82024
1400,88.40727
1401,89.22373
1403,92.22226
1404,107.55002
1406,108.82024
1407,89.27235
1408,108.856834
1410,78.081696
1412,109.22374
1413,88.66584
1415,90.135544
1420,108.856834
1422,108.95669
1423,103.62986
1424,108.856834
1425,89.03036
1426,78.081696
1427,90.79807
1429,88.68521
1430,110.44259
1431,90.0145
1432,96.36651
1434,111.01451
1437,90.66922
1438,102.88327
1440,108.36614
1441,110.39025
1442,86.57011
1444,107.65084
1445,88.90888
1446,99.50056
1448,88.5826
1453,89.84632
1454,109.22374
1455,90.67748
1456,113.240616
1458,109.22374
1459,89.53564
1461,88.18205
1465,93.53833
1466,110.67449
1469,92.87842
1472,89.84632
1474,90.60133
1477,107.95638
1479,105.629684
1482,90.32628
1483,76.35693
1487,93.65888
1488,110.15717
1490,109.20555
1492,107.94909
1494,115.46469
1496,98.8779
1497,90.21644
1499,92.238075
1502,88.41721
1507,108.425255
1508,89.31447
1509,105.211105
1511,87.03106
1512,108.46842
1513,112.724815
1514,100.07853
1518,109.053314
1519,88.15254
1522,110.41131
1524,77.65797
1527,86.57011
1529,90.16849
1532,102.12574
1536,110.48955
1537,116.02224
1539,101.28226
1542,109.84357
1543,90.03447
1544,102.39205
1545,74.89073
1550,89.12631
1551,105.14841
1554,103.646774
1556,99.673744
1559,87.205
1560,79.09633
1562,90.790306
1566,87.401375
1567,108.45479
1569,98.80446
1570,105.15812
1571,109.7822
1574,89.31447
1578,101.22512
1580,91.25463
1583,107.00834
1584,89.31447
1585,108.49422
1586,92.03405
1587,107.77592
1588,87.75096
1590,111.83814
1592,98.573395
1596,108.376175
1598,105.49404
1599,90.45735
1604,107.19186
1606,97.32574
1607,88.66584
1608,98.3475
1609,114.81476
1611,90.59636
1613,92.30161
1616,88.81887
1619,106.771614
1620,89.53782
1621,107.85791
1622,87.78714
1625,106.64882
1627,114.81474
1629,106.93072
1634,91.04881
1636,88.693985
1638,100.97047
1639,88.95858
1641,90.01488
1643,92.4328
1644,97.28365
1645,115.83205
1646,89.81302
1647,105.297714
1648,90.2598
1652,91.25463
1653,107.768265
1656,90.109375
1658,90.45735
1659,110.243996
1661,91.63895
1663,88.66584
1664,108.90222
1665,90.94312
1666,99.673744
1667,96.54096
1668,78.07463
1669,100.60309
1670,94.454056
1672,108.629364
1674,107.93865
1677,110.15717
1678,91.96824
1679,111.159
1680,91.292305
1683,98.521904
1686,100.62892
1687,110.12349
1689,108.42607
1690,87.05
1691,114.18887
1692,106.88571
1693,89.31447
1695,91.55597
1696,89.84632
1697,110.62541
1700,99.673744
1701,91.01796
1702,106.40869
1703,90.17746
1704,110.46656
1706,90.49452
1707,108.12686
1708,92.45743
1710,91.59695
1711,99.66026
1713,101.5523
1717,98.4485
1719,101.22512
1720,88.895134
1722,89.235695
1725,99.85017
1726,93.00339
1727,101.97272
1729,108.3252
1730,91.15268
1731,106.882645
1733,99.673744
1734,89.5126
1735,108.95669
1738,92.30161
1742,93.68458
1745,107.93865
1747,90.87145
1749,91.09627
1751,89.146385
1752,79.38613
1753,100.15624
1754,89.33065
1755,90.11347
1756,100.993195
1758,107.62261
1759,89.28102
1760,103.04234
1761,107.38939
1762,88.47041
1763,105.517876
1764,85.66658
1766,90.3548
1768,90.71734
1769,74.77003
1771,106.66761
1772,88.63076
1773,98.22716
1774,89.00125
1775,107.74134
1777,111.07265
1779,89.28102
1780,109.26573
1787,89.083664
1788,87.93991
1790,89.69414
1796,107.12319
1801,88.47486
1803,88.87534
1807,106.77904
1809,108.551544
1812,88.129234
1813,108.296165
1814,92.517044
1815,106.9828
1816,95.02667
1818,89.10187
1820,89.17767
1821,110.30644
1822,88.91443
1825,88.6203
1826,98.492004
1828,91.4093
1831,97.14935
1836,109.05666
1837,87.052155
1841,88.80425
1844,97.49066
1848,86.751656
1851,101.68756
1852,91.81879
1853,90.95939
1854,107.07835
1856,90.10126
1859,109.10399
1860,88.30782
1861,74.28934
1863,98.52266
1865,87.688324
1866,100.15568
1867,90.65269
1868,88.83247
1872,90.141594
1879,88.10431
1880,97.85637
1882,88.93713
1885,96.99218
1887,100.93816
1888,87.0663
1890,109.49834
1894,88.95671
1895,98.339676
1896,89.35029
1897,108.33403
1900,106.8961
1901,88.29704
1902,106.30942
1905,88.14748
1906,103.71862
1912,98.326706
1915,91.42142
1916,99.93898
1917,87.42649
1918,99.334526
1920,76.74738
1923,91.97537
1924,98.061554
1925,90.48212
1930,113.8808
1932,107.71476
1933,85.87806
1934,106.8201
1935,87.97865
1940,77.210365
1941,90.095314
1942,105.13099
1943,90.28282
1944,83.51832
1945,105.35809
1948,115.394264
1949,92.33627
1952,92.627014
1954,88.87392
1955,107.48849
1958,87.33335
1959,77.52873
1960,105.517876
1963,89.802315
1965,87.20787
1968,101.94385
1969,90.20193
1971,89.57449
1972,108.20773
1973,87.83035
1975,88.186745
1977,88.28439
1978,91.66093
1979,106.42903
1981,88.358665
1982,110.23551
1987,109.97093
1988,86.51892
1993,86.050255
1997,88.50251
1999,90.4314
2001,90.04419
2002,109.49045
2003,90.410995
2004,77.878586
2006,105.66479
2007,91.58611
2009,102.885315
2010,89.06357
2013,92.760185
2018,76.61423
2022,99.559296
2024,103.54625
2025,88.04653
2026,104.62975
2030,104.13432
2031,88.10297
2032,98.326706
2033,89.17764
2035,89.60139
2036,107.82611
2037,89.974335
2040,89.29399
2043,111.431656
2044,105.859474
2046,95.364105
2054,104.29712
2055,89.31688
2056,109.26573
2059,85.46218
2060,88.29704
2062,89.63291
2063,105.4344
2066,88.95671
2067,113.456154
2072,93.22385
2073,107.92478
2074,86.784615
2075,112.004
2076,89.12129
2080,89.6617
2082,88.29704
2085,107.256195
2087,107.433754
2091,108.551796
2092,93.902596
2093,109.26573
2098,92.52148
2101,105.517876
2102,89.85611
2103,77.210365
2105,100.318596
2106,89.346466
2107,109.07424
2110,88.53507
2114,93.0941
2115,106.2042
2117,82.79465
2118,90.51338
2119,98.43227
2120,91.88844
2122,91.09913
2123,106.980675
2126,90.22157
2127,100.020065
2128,87.823364
2129,107.32976
2132,89.19374
2135,98.086624
2138,89.954025
2139,113.8808
2141,101.4929
2142,88.84857
2146,92.29749
2151,105.603714
2157,101.298546
2159,108.296364
2162,89.744804
2164,115.244064
2167,89.24797
2168,106.82284
2171,89.0425
2173,89.27119
2174,100.03893
2175,89.10721
2178,88.49516
2180,91.05971
2185,108.62305
2189,92.07423
2190,113.062065
2192,97.71077
2194,113.25189
2200,111.39502
2201,91.70938
2203,106.00171
2204,91.3823
2205,105.71243
2209,104.61791
2213,99.741585
2214,91.20566
2215,110.65314
2216,90.730484
2218,89.05377
2219,99.86752
2220,90.47933
2222,87.49653
2223,106.90434
2225,106.32981
2226,89.23181
2230,90.123024
2233,112.35685
2234,105.88687
2235,91.3823
2236,76.69914
2237,89.75411
2240,113.88547
2241,90.3536
2248,97.359985
2249,84.88306
2250,107.36375
2252,107.65082
2253,92.12391
2254,108.07058
2256,76.40488
2258,86.14913
2259,110.44642
2262,89.92697
2265,89.48513
2266,101.633766
2269,89.25779
2271,89.377556
2273,90.54629
2274,106.907616
2275,90.55055
2277,93.3439
2279,91.3823
2280,75.8562
2282,91.05971
2283,97.22887
2288,88.1154
2289,111.93436
2291,92.36054
2292,117.23865
2297,90.284004
2298,97.65265
2299,88.66948
2300,111.106285
2301,87.508316
2304,89.33402
2305,100.09999
2306,89.92697
2308,88.53454
2309,108.20495
2311,97.948425
2312,98.19378
2316,98.17244
2321,97.94238
2322,109.25987
2325,96.66841
2326,91.50495
2329,117.23865
2330,93.14583
2331,96.320465
2332,112.554985
2333,89.92697
2334,97.301384
2335,109.521935
2337,110.651855
2338,88.84454
2340,112.554985
2342,89.20012
2345,88.9366
2349,90.93529
2351,76.66782
2352,93.199936
2354,105.709366
2355,110.27221
2357,106.32981
2358,89.36008
2360,87.95194
2361,105.709366
2364,87.13489
2366,92.660164
2369,100.312164
2370,89.69876
2371,110.12787
2373,114.88091
2374,87.77064
2376,106.17745
2378,108.41815
2382,92.717834
2383,88.72544
2386,97.14598
2387,90.50522
2389,94.42422
2390,109.853386
2392,92.067085
2398,112.554985
2399,91.90184
2400,92.446
2401,108.637276
2402,89.22548
2404,87.275
2407,115.818436
2408,106.08932
2409,109.78176
2412,77.18631
2413,90.08568
2415,89.10796
2420,105.59259
2422,87.32074
2423,97.92238
2426,86.96297
2432,93.38684
2434,90.874054
2435,93.031525
2436,107.15161
2438,103.55647
2440,108.164665
2443,91.61194
2444,87.072395
2447,97.359985
2450,88.66848
2454,88.26963
2455,106.97558
2459,89.92697
2460,106.22376
2463,88.4122
2465,90.10911
2468,76.285194
2469,89.52466
2474,87.51701
2478,91.04695
2480,86.76024
2481,113.88547
2489,91.05971
2490,102.2068
2492,87.79733
2496,89.92697
2497,112.05989
2500,90.798676
2505,90.614685
2507,87.70621
2508,105.71243
2509,92.2228
2510,74.20898
2513,88.17554
2515,91.05971
2518,88.72544
2519,108.72667
2520,88.72544
2521,109.13716
2523,115.33916
2525,88.659004
2529,105.96427
2530,89.39071
2533,107.42174
2535,88.43855
2538,101.21733
2544,106.7301
2553,106.47676
2556,85.577286
2558,88.44737
2559,115.594284
2560,86.0012
2561,107.24874
2562,85.778854
2563,108.80485
2564,88.05215
2565,110.340195
2567,100.049324
2572,89.9153
2575,89.22137
2576,105.72197
2577,82.67295
2578,86.534424
2579,101.47989
2580,81.83577
2582,113.53173
2583,99.899796
2587,87.87581
2589,109.13397
2590,90.73698
2591,105.96427
2594,86.934555
2597,85.39373
2598,99.65239
2599,87.85457
2600,101.14864
2602,104.407906
2603,89.9153
2604,98.88331
2606,107.83213
2607,76.93619
2608,91.16958
2613,105.651566
2614,90.10246
2615,107.46179
2617,108.714195
2620,91.07428
2623,106.478134
2624,89.86713
2627,105.651566
2629,76.93619
2630,90.10843
2632,95.05989
2636,90.771706
2639,86.55038
2640,100.99502
2642,105.96427
2644,98.76437
2646,104.915
2647,91.37433
2649,87.88733
2650,104.91734
2652,97.47131
2653,94.62495
2655,106.311516
2657,110.82907
2659,106.55618
2662,88.78414
2663,111.92686
2664,90.288216
2665,99.69484
2670,90.86495
2671,99.00462
2672,85.24012
2675,97.47131
2677,109.2174
2679,107.54763
2683,108.3736
2684,92.354996
2685,87.44204
2688,99.12319
2689,89.30943
2690,96.614334
2693,90.2701
2694,106.96363
2697,95.98613
2699,87.96519
2703,87.02194
2705,97.54714
2709,77.02936
2710,88.32662
2711,106.11684
2712,87.76709
2713,91.37215
2714,106.387245
2715,84.25443
2717,88.20276
2718,111.92734
2720,111.6755
2721,88.53882
2726,90.47134
2728,86.92728
2731,98.95654
2732,106.25207
2734,89.31466
2736,97.65886
2737,86.7988
2738,97.72676
2739,109.7711
2746,87.63986
2749,96.89949
2751,114.0957
2752,100.835205
2753,86.976685
2757,100.08618
2758,89.25807
2759,106.274345
2760,87.68281
2762,105.54523
2764,86.55225
2765,104.50697
2769,107.910324
2771,105.566734
2774,89.72633
2776,88.36466
2777,107.21834
2778,85.543816
2779,109.28432
2782,83.74005
2784,88.19261
2787,89.4508
2789,86.8196
2792,83.73452
2798,88.278145
2799,103.46708
2800,88.09128
2801,78.25059
2802,86.40313
2804,88.93084
2807,96.79116
2808,89.460434
2809,107.20318
2811,113.52825
2812,87.85559
2814,86.32916
2816,87.24726
2817,109.61335
2818,105.12216
2820,109.49812
2821,70.0233
2822,88.50941
2823,96.739334
2824,90.31806
2826,88.070984
2829,84.22356
2834,87.114876
2835,74.091896
2838,87.068924
2839,106.09718
2840,86.68355
2841,109.32928
2842,89.75354
2846,109.558014
2848,89.99217
2849,85.36982
2850,106.387245
2851,89.11148
2853,88.36205
2854,105.96427
2858,108.96376
2861,87.70504
2864,86.06437
2865,111.92686
2866,105.99619
2867,85.99063
2868,105.086624
2870,105.3488
2877,89.20334
2878,105.651566
2880,106.27069
2882,76.831215
2883,90.68139
2884,96.26816
2885,89.571434
2887,91.07154
2888,105.79554
2889,88.118416
2890,97.6534
2891,96.593704
2892,115.08544
2893,92.684235
2898,107.88107
2899,86.62418
2900,108.302414
2901,88.68465
2909,89.91941
2910,104.805534
2911,106.3772
2913,108.40257
2914,95.57283
2918,87.08906
2919,104.12079
2920,87.210625
2921,105.651566
2922,89.67581
2923,96.99052
2925,108.79416
2926,86.23441
2927,106.63984
2929,106.58408
2933,89.670525
2934,107.79387
2936,107.36364
2941,94.47006
2942,91.51512
2943,107.81665
2945,98.70493
2950,90.12007
2951,107.89206
2953,115.53646
2954,90.60089
2955,98.3875
2956,90.59913
2960,91.34636
2962,89.36806
2963,103.57707
2964,97.226906
2966,77.91821
2967,91.63261
2968,109.334526
2969,87.25795
2971,88.346794
2972,90.70064
2974,89.78266
2975,106.82431
2977,115.72189
2980,107.6129
2981,86.25598
2983,89.29643
2984,100.79948
2985,116.65124
2986,99.66313
2987,90.70064
2989,90.00736
2990,107.41991
2991,89.72848
2992,74.02818
2995,99.63248
2996,96.24087
3002,117.09015
3004,106.60561
3005,115.25223
3006,90.25028
3010,91.50536
3011,97.43104
3014,87.938545
3015,89.001434
3016,90.00885
3017,109.12286
3018,87.847206
3021,98.036064
3024,100.44752
3028,89.768234
3030,85.8405
3032,90.564095
3039,88.215256
3040,100.416016
3041,91.131874
3043,90.044495
3044,107.84253
3046,109.767494
3055,90.34036
3056,108.087616
3058,89.147255
3059,109.86843
3061,116.55089
3063,98.88566
3066,92.6792
3067,100.44752
3068,77.54654
3069,88.15842
3072,115.63457
3073,105.1133
3074,86.006714
3077,91.27613
3082,88.98244
3084,99.63248
3085,112.94362
3088,99.50472
3091,88.64274
3092,110.24304
3093,91.125725
3094,99.8145
3096,108.49767
3097,89.90498
3098,76.598694
3102,113.9247
3106,89.18742
3109,90.63581
3111,88.74743
3112,115.25223
3113,89.83992
3115,92.132996
3116,106.5686
3117,93.388954
3121,106.227325
3122,89.33565
3123,90.65577
3124,101.30401
3125,90.00885
3126,96.69439
3127,114.22928
3129,86.62146
3130,106.88483
3132,99.38607
3134,100.69403
3135,94.619484
3137,74.704605
3138,88.43706
3140,77.96001
3144,108.43286
3145,87.75088
3146,107.47735
3147,90.74353
3148,98.0768
3149,99.358025
3150,107.153015
3151,90.2577
3152,91.26536
3155,94.02429
3156,106.997536
3159,85.44482
3161,92.02734
3162,102.82876
3163,88.29972
3165,96.80487
3172,91.409706
3173,104.394264
3176,91.8719
3177,98.24909
3179,106.82431
3183,90.439
3186,90.44585
3187,97.0344
3189,107.01165
3190,90.57742
3192,114.22928
3193,91.409706
3194,108.08216
3197,90.19593
3198,88.111046
3200,89.211525
3201,112.330505
3202,88.111046
3204,90.06874
3205,85.3809
3206,110.73761
3208,100.655655
3210,99.2508
3211,89.48399
3212,116.55089
3213,89.79467
3214,106.67765
3216,98.54851
3219,85.79973
3220,102.138626
3221,89.83992
3226,106.71838
3227,90.96534
3228,107.22288
3229,89.13531
3232,76.16364
3233,86.96378
3234,85.1836
3236,92.696686
3238,105.47377
3239,106.96799
3240,88.52794
3247,105.975845
3249,97.713745
3252,118.88237
3253,89.28021
3254,99.81684
3255,89.682106
3256,117.42883
3257,90.24654
3262,89.453735
3263,98.15808
3264,90.59913
3266,105.66153
3267,86.476555
3269,99.43044
3272,116.65124
3274,90.19592
3275,96.474915
3277,90.314995
3279,89.5015
3280,98.18081
3283,92.013954
3285,90.63021
3287,72.84326
3288,100.44752
3290,101.18403
3291,88.33335
3298,107.63365
3299,87.58824
3302,108.48838
3303,91.61558
3304,96.29483
3307,89.25739
3309,88.60149
3314,78.25856
3316,110.839165
3317,91.90321
3319,88.76047
3320,109.66293
3321,88.15537
3322,96.060616
3324,89.33827
3326,85.722755
3329,110.530716
3330,89.95209
3331,107.66255
3335,116.57915
3337,87.846176
3338,99.73215
3339,88.69429
3340,107.3257
3341,88.55481
3343,89.847755
3346,90.39055
3348,86.91991
3351,99.95826
3352,115.44408
3355,88.12955
3356,109.24132
3358,97.87712
3359,92.628174
3360,107.06828
3371,112.29032
3372,89.03581
3374,90.866196
3377,108.077805
3378,86.22648
3380,98.86548
3382,90.68274
3386,87.88475
3389,110.129295
3391,99.09654
3393,90.05235
3394,99.08907
3395,88.332016
3397,106.743195
3398,92.198975
3399,74.16518
3400,88.486374
3404,97.7891
3407,108.19595
3409,101.049095
3419,90.8374
3421,87.9082
3425,89.77306
3427,72.212296
3428,116.75149
3429,109.49972
3431,92.80503
3435,92.22777
3436,107.10975
3439,93.176094
3441,87.20278
3442,116.75149
3443,89.6693
3444,98.86761
3445,91.2453
3446,107.51478
3449,85.07722
3453,89.03346
3457,89.74152
3460,98.84246
3461,89.47105
3462,89.08533
3464,99.822205
3465,78.43436
3466,88.116264
3467,99.788
3468,89.80637
3469,100.983734
3470,98.11174
3472,106.938545
3473,91.131424
3475,87.37471
3476,107.0089
3478,99.9605
3479,90.61505
3483,87.46421
3484,97.88165
3485,91.43854
3487,88.06122
3488,106.714294
3496,106.259094
3497,89.67029
3499,90.270905
3500,77.28295
3501,89.905075
3504,89.943405
3508,106.29153
3511,88.368774
3512,110.65673
3515,90.2492
3517,92.55675
3518,98.37573
3526,110.726746
3528,120.87188
3529,85.7991
3530,105.35535
3531,89.507095
3532,114.73826
3533,91.831215
3534,89.98621
3535,76.52894
3536,88.47705
3537,107.11392
3538,87.440956
3539,107.73771
3540,101.19226
3545,108.641045
3546,87.85678
3550,98.69723
3551,89.55391
3553,92.18826
3554,98.84246
3557,88.32073
3558,108.80406
3559,85.07722
3561,89.04899
3562,106.743195
3563,87.93576
3564,99.95826
3565,91.2453
3567,89.33728
3571,99.95826
3572,87.703926
3574,92.259926
3576,88.911674
3577,107.284836
3578,89.27925
3579,89.40218
3583,87.69114
3585,89.02109
3586,101.01131
3587,105.792694
3593,90.76629
3594,113.78948
3595,88.443794
3599,90.3854
3600,101.96194
3601,106.938545
3602,85.07722
3604,89.87261
3609,114.69096
3610,101.46446
3612,108.10155
3614,114.08231
3615,91.25459
3617,91.45073
3618,106.5803
3619,107.29683
3620,108.32363
3621,89.215996
3625,88.143524
3626,99.19455
3630,97.87842
3631,88.52234
3632,100.53826
3633,90.41238
3634,108.62571
3637,87.46196
3639,90.929535
3640,107.43636
3641,90.054344
3644,109.22882
3645,89.546684
3646,90.31107
3647,86.612625
3648,105.81957
3653,106.74257
3654,92.4209
3655,108.626526
3659,97.53389
3660,90.01944
3662,106.63948
3666,91.49912
3668,90.217606
3671,92.679214
3673,89.678276
3674,109.73926
3675,89.59221
3681,87.070656
3682,105.8758
3686,106.72898
3687,87.09619
3692,73.33794
3695,108.6501
3696,91.86074
3699,109.868454
3705,107.79984
3707,77.39213
3708,88.275246
3709,106.90909
3710,90.27404
3712,86.22043
3715,106.430016
3716,89.35775
3720,106.31986
3722,77.39213
3726,89.51873
3728,89.71884
3729,108.688965
3731,98.49043
3735,107.74694
3736,92.91635
3739,97.32353
3741,107.05503
3743,97.255745
3744,89.36991
3745,106.59811
3746,91.09828
3751,90.62552
3753,88.72361
3760,106.786285
3761,89.662865
3762,110.590775
3763,88.79136
3765,89.213066
3768,104.120544
3769,88.32704
3770,100.00108
3773,105.53694
3774,89.71668
3776,88.045975
3778,88.82747
3779,105.77282
3780,88.533585
3781,111.79994
3782,90.42572
3783,106.61018
3784,85.12021
3786,88.91662
3789,101.9167
3790,89.0224
3793,104.62011
3795,105.69623
3797,90.07419
3798,116.17109
3800,106.84239
3804,90.475365
3810,93.11155
3815,106.01369
3816,90.475365
3818,99.46318
3824,106.39912
3828,96.555336
3830,106.344536
3831,88.347145
3832,75.98989
3834,104.308754
3835,88.85702
3836,104.62507
3838,90.16557
3839,115.689
3840,110.142426
3845,89.08737
3846,107.1108
3847,90.661964
3849,76.58779
3853,106.14476
3855,105.71496
3856,88.44283
3864,72.29528
3865,91.0077
3866,108.16148
3867,88.31835
3868,106.84239
3869,89.24738
3871,86.638405
3875,98.14363
3876,88.4414
3878,87.31097
3879,105.34982
3881,106.84239
3883,104.450294
3884,87.4046
3886,107.41733
3890,90.73382
3893,92.838585
3897,100.846016
3901,87.72566
3902,105.73922
3913,105.59327
3914,87.205795
3916,87.210205
3917,102.974655
3924,100.35648
3925,86.845856
3928,88.6903
3929,107.702705
3932,87.40363
3933,97.40175
3934,74.49419
3935,86.82466
3936,90.646286
3937,107.68012
3938,88.35058
3939,104.33219
3943,89.94469
3944,106.70155
3945,104.31991
3946,90.045074
3947,106.55285
3948,90.63754
3949,105.94966
3950,88.251465
3951,107.85902
3952,88.72314
3953,109.84362
3961,112.09974
3962,89.00798
3966,89.49142
3967,100.89343
3968,94.61662
3969,109.72484
3970,88.11318
3971,101.93223
3973,88.15297
3974,106.110306
3975,106.646126
3977,89.69624
3979,107.66805
3985,90.34023
3986,98.75108
3988,103.251816
3991,88.078316
3992,99.459076
3993,87.85344
3994,92.490585
3995,108.17776
4005,107.26064
4007,88.29791
4008,99.87881
4009,90.51376
4010,91.96854
4011,74.09486
4012,85.759575
4013,100.62213
4015,112.10473
4016,109.38545
4018,106.749214
4025,89.397415
4026,106.56979
4028,108.111
4029,90.70822
4031,88.23092
4032,103.34545
4033,86.48405
4034,97.21869
4037,88.51506
4038,98.95377
4039,89.61083
4041,87.46812
4042,106.88564
4043,90.25171
4044,97.40175
4045,88.26875
4046,108.546486
4047,90.25551
4048,100.18418
4049,92.29369
4051,92.223946
4052,107.83506
4058,98.13298
4062,100.94761
4064,103.53144
4067,88.8442
4068,76.2328
4070,85.376724
4072,111.689575
4074,111.38614
4075,86.526054
4076,107.18676
4077,91.212494
4078,108.67993
4080,97.40175
4082,112.2317
4085,90.06384
4086,110.36497
4088,106.56979
4089,87.49199
4092,78.44248
4094,88.64282
4095,107.31587
4096,87.84664
4097,97.543205
4102,89.167725
4105,107.11569
4107,110.55541
4111,91.89572
4112,99.69762
4113,88.371826
4114,118.22229
4115,89.704414
4116,109.50222
4117,91.53073
4118,89.88151
4119,107.813614
4120,97.206154
4122,76.71038
4125,88.25642
4126,109.06585
4129,105.69858
4134,109.566284
4137,89.94371
4141,97.22054
4142,93.915
4144,90.868095
4145,100.35648
4146,93.427795
4150,87.36753
4151,72.91486
4154,88.8442
4156,89.70222
4157,108.551895
4159,109.38545
4160,91.24693
4161,105.51824
4168,89.817024
4171,96.071144
4172,101.625854
4173,89.66077
4175,88.39831
4176,97.40175
4177,90.868095
4178,99.63394
4179,90.387535
4181,107.15637
4183,90.70822
4184,110.11687
4185,87.86726
4186,105.84925
4188,115.546585
4190,107.09819
4192,88.67105
4193,93.91978
4194,107.73195
4195,90.46219
4196,78.30648
4202,90.673836
4203,98.75624
4208,87.51044
4209,112.42546
4210,88.19053
4211,109.64859
4212,116.01269
4214,99.92709
4215,91.19405
4216,112.11618
4217,87.85672
4219,91.67406
4222,107.68012
4224,73.72139
4231,98.77885
4232,90.70822
4234,89.53877
4236,90.868095
4237,99.07382
4240,89.6633
4242,101.65822
4243,88.141785
4247,87.804756
4248,106.655334
4249,88.80667
4254,98.50923
4263,88.07827
4265,104.17002
4267,107.11224
4268,107.42799
4271,105.82198
4272,88.17887
4273,104.71583
4274,91.96614
4276,89.5719
4278,90.31995
4280,90.575874
4281,102.656456
4283,88.22922
4284,106.66024
4285,90.73116
4286,106.5936
4287,88.28233
4288,109.14126
4289,88.348366
4290,78.05767
4293,84.96681
4296,110.0979
4297,90.37253
4299,88.55966
4303,104.77969
4310,91.973915
4312,98.31429
4318,99.52389
4320,111.77025
4322,89.12314
4323,113.462
4325,99.315025
4326,105.65436
4328,100.87016
4330,97.04003
4332,108.728676
4333,87.211075
4335,88.073715
4336,109.14895
4338,99.98219
4341,87.02232
4342,100.5829
4344,98.66802
4347,87.41555
4348,98.673965
4351,108.00279
4352,89.050644
4353,107.871704
4355,99.04775
4356,89.50922
4359,98.08782
4360,89.47833
4361,91.139336
4364,92.66249
4365,102.54466
4368,92.219826
4372,89.36135
4374,87.83748
4376,89.77976
4377,96.57604
4380,90.777725
4383,102.38382
4384,89.280846
4385,100.12382
4389,88.36326
4391,91.74005
4392,105.89507
4393,84.51141
4395,86.94549
4396,106.1923
4398,115.570724
4399,103.22092
4401,89.27726
4406,89.617905
4408,97.68058
4412,98.673965
4415,88.68664
4418,109.36579
4419,87.83748
4420,78.70162
4422,106.413345
4423,87.83748
4425,90.539925
4428,105.660255
4431,111.48357
4434,85.168945
4436,90.35134
4437,107.64401
4439,116.18675
4440,89.979805
4441,110.41262
4444,93.26978
4445,99.73314
4446,89.65577
4447,109.85184
4452,101.285774
4456,108.61109
4457,90.923
4458,107.070145
4460,89.50922
4461,114.79898
4462,93.52922
4465,100.37102
4466,97.38318
4468,88.7945
4469,101.199425
4472,107.47261
4475,89.557755
4478,91.48429
4479,108.023964
4480,91.18239
4483,79.01682
4484,88.51386
4485,98.40939
4486,88.795456
4488,89.21055
4489,99.61162
4490,90.411705
4491,98.76762
4492,88.74678
4493,107.62628
4494,92.21246
4495,97.39632
4498,75.0135
4499,92.14749
4500,97.20419
4503,109.39375
4505,101.3294
4506,87.98463
4507,89.722466
4508,99.52389
4510,106.53088
4511,87.27107
4513,89.789185
4516,78.59316
4519,88.66489
4521,93.28472
4531,85.54516
4532,76.859825
4533,94.029205
4534,107.20152
4536,99.523895
4537,90.923
4539,90.91055
4542,98.01416
4545,86.1897
4549,88.581894
4551,89.11155
4554,100.90825
4556,105.49678
4559,104.95769
4561,107.51193
4562,105.39755
4566,110.19037
4569,88.453804
4570,106.1923
4573,91.1419
4574,97.64496
4575,89.4281
4577,88.611694
4578,106.713486
4580,109.192986
4582,87.04095
4583,106.413345
4585,90.0585
4587,99.52389
4595,86.07455
4596,106.622284
4601,85.701065
4602,112.46371
4603,89.260895
4605,111.25187
4606,88.3505
4607,113.58261
4608,92.99874
4610,89.26689
4613,100.39867
4617,91.51939
4618,106.7688
4619,88.409966
4620,90.877785
4622,98.8116
4625,89.50922
4626,99.52389
4627,91.41618
4629,88.85039
4631,89.495895
4633,99.52389
4634,116.55255
4635,90.118225
4639,85.87792
4640,100.90356
4642,97.6842
4644,109.92171
4646,99.52389
4647,92.66449
4648,72.17545
4649,88.03006
4650,105.90612
4655,88.581894
4660,87.916954
4661,101.48254
4662,86.47095
4663,105.36647
4665,90.79295
4666,105.64581
4667,97.175705
4668,89.5506
4670,89.78657
4671,110.36737
4672,88.99488
4673,98.10575
4675,99.50261
4676,89.34563
4677,103.84493
4680,89.768974
4682,90.37144
4683,110.37685
4685,98.673965
4686,91.59046
4688,107.297966
4690,107.718994
4692,110.29227
4693,87.20898
4697,88.89557
4700,107.91787
4702,106.09676
4707,116.999115
4708,90.017944
4710,76.6969
4716,94.00844
4717,89.484886
4718,91.27484
4720,90.78914
4721,70.47121
4723,88.0106
4726,104.974785
4727,88.79256
4729,89.136024
4731,90.22364
4732,109.26239
4735,90.67486
4736,98.3842
4737,88.30625
4738,106.9867
4739,105.2515
4744,96.22945
4747,91.828476
4749,110.52161
4750,90.017944
4752,106.70899
4755,93.252266
4756,100.03003
4757,103.90297
4758,86.583496
4759,97.067444
4763,89.8455
4764,99.081406
4765,90.10347
4766,87.06691
4767,109.293205
4769,108.1405
4770,88.2877
4771,77.11186
4772,99.42769
4774,107.653725
4776,110.810814
4777,105.63308
4778,87.70178
4780,93.420815
4784,88.21056
4786,93.00392
4787,75.73791
4788,90.339294
4789,106.70899
4791,99.615715
4792,88.512405
4795,105.658
4796,85.1843
4803,88.779785
4805,89.68234
4807,88.33404
4809,88.96388
4816,88.77117
4817,74.078476
4818,86.474945
4820,89.09205
4821,96.1245
4823,106.22912
4824,91.227165
4825,108.568924
4829,94.6407
4830,90.28485
4831,109.82237
4833,100.944084
4836,87.13613
4837,107.297966
4838,86.46646
4840,90.43491
4841,75.76367
4842,85.856445
4843,107.39474
4844,89.50728
4849,107.23558
4851,97.73691
4852,97.57246
4858,90.55145
4860,90.28485
4863,107.557976
4864,85.22869
4865,107.51382
4867,107.49624
4868,89.87081
4869,107.69825
4873,87.023155
4875,90.18707
4876,108.46055
4877,85.55575
4878,105.686356
4880,76.36609
4886,104.55808
4888,95.867485
4889,89.48749
4890,111.68292
4893,87.40015
4895,83.72689
4896,98.6359
4899,87.45504
4901,90.07282
4902,103.77231
4903,88.637535
4904,106.70899
4910,88.67176
4912,91.3157
4915,90.663895
4916,97.90951
4917,88.024376
4920,99.42769
4927,97.49761
4928,88.25328
4931,97.49101
4934,89.49315
4936,92.55564
4939,104.65322
4942,107.78355
4943,89.99732
4944,99.089226
4945,88.687546
4947,105.53537
4948,88.963615
4951,90.07269
4952,106.70899
4953,85.36454
4956,88.637535
4957,109.78787
4958,84.62403
4960,90.51541
4968,89.63791
4969,99.88472
4971,95.7546
4973,107.704666
4975,110.533005
4976,88.125725
4978,88.50463
4979,105.317215
4982,90.40408
4983,109.247894
4984,90.44876
4985,115.76818
4986,89.741844
4987,112.945244
4988,92.83942
4994,89.12667
4995,88.14457
5002,75.18246
5004,87.61696
5005,96.04314
5006,90.46167
5007,97.825294
5009,106.43732
5011,107.704666
5014,89.77004
5015,99.9228
5018,85.04554
5019,106.60108
5020,89.8841
5021,107.68725
5022,90.677765
5023,89.88525
5025,90.41422
5032,92.12393
5034,89.30274
5036,88.257195
5038,89.65493
5039,108.66267
5046,91.7481
5049,106.60108
5051,86.743576
5052,86.753586
5053,107.653725
5054,89.45266
5055,88.50738
5057,91.17751
5059,89.45738
5062,92.28987
5063,108.1251
5065,109.22045
5069,89.35298
5071,89.712166
5074,109.243645
5075,88.02264
5076,106.332794
5077,75.4845
5079,98.59285
5080,95.146774
5081,106.77847
5083,100.54133
5088,97.514946
5089,88.35361
5093,108.52266
5094,98.930534
5095,89.26308
5099,106.264336
5101,106.04809
5103,96.18419
5104,85.34121
5105,107.76587
5107,89.07632
5108,107.279724
5109,88.77245
5111,90.783104
5112,107.20028
5113,87.17069
5114,107.22661
5115,92.709656
5118,91.08115
5122,90.35001
5123,78.65948
5125,90.13592
5127,100.41991
5128,89.42516
5129,112.86314
5132,90.95896
5134,109.55677
5135,88.32628
5137,107.50087
5142,88.93747
5143,102.27849
5144,92.60277
5148,91.68935
5149,90.143585
5150,101.457405
5154,78.47273
5155,89.17441
5159,87.41796
5164,89.008575
5165,111.77837
5166,91.21478
5167,113.443306
5169,88.058365
5171,88.14967
5172,106.28534
5176,86.9124
5184,110.90583
5185,87.65017
5186,106.06754
5188,100.22008
5189,108.60516
5190,88.724014
5191,111.77837
5193,107.2948
5196,89.42711
5199,74.7207
5200,98.99696
5203,88.91444
5204,106.82338
5205,90.80149
5207,89.1799
5208,100.66719
5212,91.19753
5214,99.921936
5218,89.88516
5220,88.816895
5222,90.5896
5224,91.34191
5225,101.85984
5227,108.81195
5229,101.69361
5232,88.40597
5233,112.302864
5234,99.021675
5237,107.116646
5239,113.14113
5240,92.042046
5241,108.669586
5244,89.8955
5248,113.66889
5251,90.341064
5253,91.540215
5255,94.40711
5256,98.260025
5257,90.74168
5259,90.154434
5260,107.59476
5266,92.98142
5268,89.15776
5275,107.66092
5276,109.3996
5277,89.64906
5279,92.683945
5280,99.74105
5281,87.67894
5283,93.89013
5284,77.721535
5285,89.048584
5286,101.428894
5287,87.71882
5289,88.10658
5290,107.2948
5292,99.21251
5293,96.454796
5294,97.115555
5297,89.491776
5299,99.55623
5302,90.50729
5305,73.11619
5306,94.092285
5308,89.5507
5309,94.59232
5310,108.27913
5312,107.27748
5316,112.41893
5317,93.50826
5319,78.69276
5320,91.57854
5323,87.89895
5329,109.335396
5331,106.5637
5334,108.50652
5336,107.1288
5338,99.29025
5341,93.14867
5345,93.14441
5348,91.72708
5349,111.143715
5355,102.62085
5356,89.18455
5360,101.83282
5362,114.390236
5364,112.316124
5366,102.21044
5367,90.059975
5368,89.481995
5370,86.632454
5371,77.23381
5373,100.579475
5375,107.116646
5376,89.46364
5378,111.43997
5379,92.416756
5383,89.274994
5384,99.94712
5389,107.836586
5391,80.33755
5393,106.2109
5395,110.87716
5397,106.5418
5398,88.87228
5399,102.34666
5401,117.6482
5402,84.782425
5403,108.4443
5404,90.7124
5407,78.81623
5408,90.89166
5413,107.28366
5414,89.493546
5417,88.37881
5418,99.21251
5420,108.95235
5421,90.27975
5424,91.068756
5425,106.82338
5426,91.00895
5429,109.44048
5431,89.92284
5437,98.19418
5440,87.73267
5444,96.59155
5446,100.98623
5447,90.10341
5451,92.3145
5452,119.94844
5455,99.021675
5456,89.06654
5458,88.47229
5459,110.15648
5460,90.341
5462,90.45295
5463,108.78208
5464,86.517914
5465,108.02323
5466,91.2155
5467,100.42339
5468,94.04284
5469,106.85713
5472,93.61232
5474,93.85339
5475,107.4382
5476,88.979546
5479,100.983864
5480,108.458725
5482,108.21883
5485,87.82716
5486,116.79722
5488,78.73895
5495,101.69361
5496,91.71284
5497,107.00343
5499,107.81387
5503,87.61075
5504,92.972824
5507,90.5029
5509,90.13301
5511,92.58379
5512,108.30126
5516,105.6048
5517,89.68366
5518,99.395164
5521,88.62595
5522,100.42115
5527,89.60488
5528,89.94965
5529,106.17569
5532,92.13333
5533,109.59218
5535,102.22325
5536,97.44272
5540,91.39635
5547,90.6282
5548,105.47549
5550,77.03156
5551,89.2294
5554,106.714714
5555,87.77844
5559,108.139145
5560,89.33754
5561,108.58325
5562,85.97895
5563,107.76419
5565,76.31648
5566,89.453
5567,98.74884
5568,90.38211
5572,90.43505
5574,89.27037
5576,92.88551
5579,108.50084
5580,74.008995
5581,89.658035
5583,90.48105
5584,108.25146
5586,106.47806
5587,91.382835
5589,96.86656
5591,97.426956
5592,87.74451
5593,109.8329
5594,92.833015
5595,76.80295
5596,106.88675
5597,106.449646
5598,114.20632
5599,89.52529
5602,106.68777
5603,92.833015
5605,86.3288
5607,87.59384
5608,108.59829
5609,88.310974
5610,90.115555
5612,89.98086
5613,107.85578
5614,89.663055
5616,90.56044
5621,89.42457
5623,91.13214
5628,112.20113
5629,88.46341
5631,91.685135
5633,116.19225
5638,99.16841
5639,92.349625
5640,100.84363
5645,91.174835
5646,75.8354
5649,87.99945
5653,108.623924
5655,107.05006
5656,91.98421
5658,89.437096
5662,115.18651
5663,87.28538
5667,88.024124
5670,89.52529
5671,97.80005
5672,92.65988
5673,98.401474
5674,90.23544
5675,97.05484
5676,90.71429
5679,106.69133
5683,109.73927
5687,93.17263
5688,77.85958
5690,89.604225
5691,108.755684
5692,89.7098
5693,112.01954
5694,89.6751
5697,108.95579
5698,89.35225
5699,106.13658
5704,90.4931
5707,106.69133
5709,98.18028
5710,90.91982
5714,89.03418
5718,90.00512
5721,91.9186
5723,88.47878
5724,108.52619
5725,91.138176
5726,108.33471
5729,90.49644
5730,99.54149
5731,91.12364
5733,76.86426
5736,90.07171
5741,98.799995
5745,106.75522
5747,93.040306
5748,102.763306
5750,106.479546
5751,91.974365
5752,89.07953
5754,89.80672
5755,90.144455
5757,88.28768
5758,114.819695
5760,98.56517
5762,98.13515
5766,114.21225
5768,90.370964
5769,114.81031
5770,89.349495
5771,105.92996
5772,92.23295
5773,109.654236
5774,88.02057
5776,89.522285
5777,106.13658
5778,86.08069
5780,109.03079
5782,86.50405
5783,72.845764
5784,91.1584
5786,88.67981
5788,88.98374
5789,108.348206
5790,89.24707
5791,99.87314
5793,98.51195
5794,90.18817
5796,116.31007
5797,91.82537
5801,89.06759
5803,93.17263
5804,112.76781
5805,89.39536
5806,78.30653
5808,105.66671
5813,90.37192
5815,89.24359
5816,100.09507
5822,90.71855
5823,105.7384
5825,99.849976
5827,104.76613
5829,96.24229
5830,92.7356
5831,107.551125
5832,90.64948
5833,105.6667
5837,112.02852
5838,88.895744
5839,87.36122
5842,100.84363
5844,108.628395
5845,95.847404
5846,100.62773
5848,77.051575
5850,108.47568
5851,90.59154
5853,90.370964
5854,97.943726
5858,100.84363
5860,108.33182
5864,99.65223
5866,97.55362
5867,106.69133
5868,89.76493
5869,107.43172
5870,90.2601
5871,108.83414
5874,110.92271
5876,108.637886
5877,88.126526
5878,89.013794
5879,106.853325
5880,89.549194
5884,86.50686
5886,104.77249
5890,99.39943
5896,90.733315
5897,97.916084
5898,90.370964
5901,99.473564
5903,107.51831
5906,90.115555
5908,106.80125
5909,86.83967
5910,107.85578
5911,90.904465
5912,111.08497
5914,110.92271
5919,107.30699
5924,91.01676
5926,89.98876
5929,98.422264
5930,93.17139
5932,89.79252
5933,110.77979
5934,88.433754
5935,108.47233
5936,90.84837
5937,107.50346
5938,89.55129
5939,105.10114
5942,106.7099
5943,90.32309
5944,99.08606
5946,106.19062
5951,89.50455
5953,100.58672
5954,89.38579
5957,98.851875
5961,92.66136
5962,100.29655
5964,74.113846
5965,90.17113
5968,110.1593
5969,87.89052
5974,89.58558
5975,105.385956
5978,75.47798
5981,98.433586
5982,89.41987
5983,110.37712
5989,106.78354
5991,89.842255
5992,96.97341
5995,89.320366
5996,98.16324
5997,106.59898
5998,92.776955
5999,72.043625
6001,110.13622
6002,89.78461
6003,105.82486
6004,89.38579
6006,111.34198
6007,87.6088
6011,97.199814
6012,97.1688
6014,89.380264
6015,99.56734
6016,87.316414
6017,109.13963
6018,91.01688
6024,89.79065
6025,102.471504
6026,107.95782
6028,107.44444
6029,75.5048
6030,94.23598
6036,110.1593
6040,89.90218
6041,105.45618
6042,92.51583
6044,89.222885
6045,99.58487
6047,100.33777
6048,89.470406
6049,109.76813
6051,114.076485
6052,114.10075
6053,87.41835
6054,104.37402
6058,100.82571
6059,90.97507
6062,91.32442
6063,115.25888
6064,97.43418
6065,89.90218
6067,89.29571
6068,105.887375
6070,100.3247
6071,94.79479
6072,106.35688
6080,106.35688
6081,89.2593
6084,100.65498
6087,88.50953
6089,97.874596
6092,106.35688
6094,88.82083
6095,107.5078
6097,108.131256
6100,89.81596
6104,100.03379
6105,90.08009
6106,116.34418
6107,76.54739
6108,89.81655
6109,106.35688
6110,87.84284
6114,106.35688
6116,87.76859
6117,98.67039
6118,90.69457
6123,75.9794
6125,108.381744
6128,93.63088
6130,97.26401
6132,105.16089
6137,77.730705
6139,113.02526
6140,90.04339
6141,107.196144
6142,100.70075
6144,106.74951
6145,87.526695
6146,90.01131
6149,87.29115
6156,91.512146
6159,108.50409
6160,90.04339
6162,98.913666
6164,106.39621
6165,87.27514
6168,77.41633
6169,105.572655
6170,88.15792
6171,106.840294
6172,88.11963
6173,113.28384
6176,90.53537
6177,87.61179
6178,90.44489
6180,87.851295
6181,97.97461
6182,88.218315
6185,86.95325
6186,106.589806
6188,108.89682
6189,90.83054
6192,100.65498
6193,89.10111
6194,99.58487
6195,84.97447
6196,113.66786
6197,89.30102
6201,106.78701
6202,89.06438
6203,110.842285
6204,89.68218
6207,117.18012
6209,90.94041
6210,88.9194
6211,108.3196
6213,109.37932
6216,88.24501
6217,87.81281
6219,90.52613
6222,76.33673
6223,92.07391
6235,89.96849
6240,89.73646
6242,84.19082
6247,89.507065
6251,110.48277
6254,108.35637
6255,87.80049
6260,98.07102
6261,89.13691
6262,98.29641
6264,104.58286
6269,100.59254
6271,97.355385
6275,108.73533
6276,90.09506
6278,92.4382
6279,106.29474
6281,113.098076
6284,89.95085
6286,86.121605
6287,70.77667
6288,88.08186
6292,88.04586
6293,90.65235
6295,83.517456
6298,110.84068
6300,106.95932
6304,97.581436
6308,109.60457
6310,89.751495
6312,106.35688
6320,89.19375
6324,89.223564
6325,108.73773
6330,92.9145
6336,107.62247
6340,98.01315
6341,89.96849
6342,98.5795
6344,90.986664
6345,109.962845
6347,105.42083
6348,92.46956
6349,110.84068
6351,75.2994
6353,107.47123
6354,90.24274
6357,91.36139
6358,101.50391
6360,102.89165
6363,110.98071
6364,87.54282
6368,110.44667
6370,87.576935
6371,87.1724
6377,91.49691
6379,86.68743
6381,87.22306
6382,77.788574
6383,106.19643
6388,108.506744
6390,105.309685
6392,96.4704
6393,88.5864
6395,89.88389
6398,96.91917
6401,78.55493
6402,89.93439
6403,107.837425
6405,88.76447
6406,88.02999
6407,106.71365
6409,100.55001
6411,87.352455
6413,89.043365
6416,99.03608
6417,88.63271
6418,93.903336
6419,114.82156
6420,107.89675
6426,104.45085
6429,88.25639
6430,88.973404
6431,107.837425
6432,92.263885
6434,91.21356
6437,106.39517
6438,88.92609
6439,99.31794
6440,87.52963
6441,91.43508
6442,105.440254
6443,90.093636
6445,90.435745
6448,108.073235
6450,108.53237
6453,89.03297
6455,86.15939
6457,88.705246
6458,108.70697
6461,88.50062
6464,104.779945
6467,87.88378
6469,90.33818
6470,75.71927
6471,90.17619
6473,98.31954
6474,90.17252
6479,87.556206
6481,85.63769
6484,105.78161
6495,90.30889
6496,106.54229
6505,109.555084
6506,89.06885
6508,88.99396
6509,88.813675
6510,99.765274
6512,99.606384
6513,87.80019
6514,107.92924
6515,89.85409
6519,88.902245
6521,87.38438
6523,77.143715
6525,104.24004
6526,89.496086
6528,88.18792
6529,111.830894
6531,99.693954
6533,100.76995
6534,90.640785
6535,106.06015
6536,90.35501
6537,104.96429
6540,90.68081
6541,106.196434
6547,90.83064
6548,109.31354
6551,106.66686
6553,107.40457
6555,101.03497
6556,88.79327
6561,77.08357
6564,88.07682
6565,106.06015
6568,88.67135
6569,105.440254
6573,101.430855
6574,88.77414
6577,106.44136
6579,110.8819
6581,87.13905
6582,107.74587
6585,101.10635
6586,87.58359
6589,99.99388
6590,76.89756
6593,89.27373
6594,107.534294
6595,87.10918
6599,89.0913
6600,88.74027
6601,108.017654
6602,86.27191
6603,108.073235
6604,88.413315
6607,97.92732
6608,97.57676
6609,89.36929
6611,86.68814
6613,105.440254
6614,88.298874
6616,87.24412
6617,105.440254
6618,88.4707
6619,96.96103
6621,101.03497
6627,101.24864
6629,107.90877
6631,77.92942
6634,90.80041
6636,87.67437
6638,88.67135
6639,105.440254
6641,106.90951
6642,87.91687
6651,110.61911
6654,74.270134
6657,89.10334
6663,91.34917
6665,103.49539
6666,92.85072
6668,88.03878
6669,100.583855
6670,88.20222
6671,84.13293
6673,89.17615
6675,92.216934
6676,76.25336
6677,89.49047
6679,89.518875
6680,108.12002
6681,99.765274
6685,100.37222
6688,90.51105
6689,88.205765
6690,105.59742
6692,105.440254
6693,91.90054
6694,87.13288
6698,115.447525
6699,87.87407
6700,106.657524
6701,88.705246
6702,107.999504
6704,88.205765
6707,108.199356
6712,108.42275
6713,89.81315
6715,90.062096
6721,106.97828
6722,88.96409
6723,110.05698
6724,92.107254
6725,115.82013
6731,109.314224
6735,77.47003
6736,90.389
6737,101.2421
6738,89.15752
6739,99.68776
6741,98.949615
6743,87.77192
6745,88.03878
6747,106.76992
6749,86.30076
6750,96.82335
6751,113.20192
6752,89.54842
6753,105.440254
6755,114.51473
6756,87.66845
6757,98.31844
6759,103.810875
6761,85.567635
6763,90.17619
6764,114.42346
6765,88.13362
6766,107.25326
6768,112.12261
6771,88.205765
6773,89.118744
6774,87.87897
6778,96.10158
6779,98.20586
6781,86.20405
6784,89.89029
6786,88.78811
6787,108.564476
6790,88.33084
6793,99.673515
6795,104.53389
6798,105.1198
6806,97.15572
6807,89.6902
6810,88.429184
6815,110.70813
6816,86.71109
6817,96.60769
6818,89.413574
6819,99.90965
6820,91.33295
6822,85.830025
6823,112.986336
6824,105.222206
6825,90.49205
6828,74.11475
6829,109.77188
6831,105.49082
6832,84.96054
6833,107.66445
6834,88.56039
6836,90.14199
6837,106.74514
6838,84.24038
6840,98.418976
6843,87.98002
6845,85.81293
6846,88.569824
6847,107.40867
6851,107.2108
6852,86.075775
6853,105.739815
6858,91.56041
6861,105.057144
6863,107.16899
6864,76.52641
6865,89.903656
6866,105.459595
6867,93.52973
6868,93.89471
6869,90.82468
6870,105.222206
6874,110.50815
6875,86.31974
6877,110.94226
6878,88.32075
6880,88.34696
6883,106.28686
6884,85.73341
6886,87.83994
6890,89.418945
6893,107.5423
6894,86.0403
6899,110.94226
6900,87.70266
6904,86.51178
6905,108.21787
6906,86.808464
6910,85.28678
6912,99.128586
6913,108.40998
6920,85.41859
6922,89.08314
6923,104.53389
6926,90.72782
6927,107.2759
6928,87.55804
6931,111.79167
6933,89.253845
6936,86.024796
6937,105.59189
6939,110.72681
6941,86.50359
6942,111.84725
6943,90.20026
6944,96.090546
6945,89.386345
6946,104.54858
6947,113.37199
6949,98.65487
6951,98.90674
6953,107.11198
6954,87.961525
6955,104.71278
6963,105.90742
6964,86.54879
6966,90.0009
6968,88.22531
6970,97.49204
6972,101.07436
6976,107.89691
6978,105.459595
6981,93.3152
6985,95.70812
6986,85.21781
6987,104.00483
6989,108.379265
6991,112.98635
6993,108.596375
6994,87.61307
6995,109.18824
6996,89.43691
6997,109.03528
6998,72.70779
7001,106.751625
7003,105.098495
7006,88.21825
7008,94.83849
7010,86.159256
7011,89.32345
7012,109.58688
7013,88.70345
7014,104.93575
7017,95.014656
7018,90.576775
7019,85.40449
7023,87.841324
7024,96.50315
7025,86.91242
7026,104.53348
7027,83.92411
7028,111.63222
7030,104.53389
7031,88.332214
7033,108.82522
7036,88.49127
7037,88.42328
7039,91.46385
7044,84.392914
7045,106.745125
7046,89.79299
7049,99.791
7050,88.59716
7051,97.49204
7054,107.76083
7055,88.63294
7057,86.69569
7060,110.94226
7061,89.544975
7063,88.04344
7064,105.59188
7067,88.34696
7071,89.28293
7074,95.37337
7075,90.97691
7078,106.74514
7079,86.31891
7080,104.942245
7081,95.90854
7082,106.5836
7083,88.139534
7085,105.85051
7092,97.6229
7094,88.75942
7100,89.417725
7101,106.670944
7102,105.459595
7104,102.88017
7105,89.544975
7106,87.70474
7107,95.98928
7108,74.51129
7109,89.41116
7110,105.59189
7112,88.62364
7113,98.79391
7114,90.76717
7116,105.87992
7117,89.336815
7118,98.05831
7120,89.33438
7121,100.065285
7123,96.12959
7124,88.44733
7127,107.13543
7131,97.90628
7132,89.413574
7133,84.77041
7134,105.42083
7135,90.75691
7136,103.89183
7137,87.07857
7141,90.83116
7144,99.37462
7147,106.920616
7148,84.61917
7150,84.65911
7151,89.33438
7152,98.23103
7154,87.394844
7156,87.9838
7157,98.333046
7159,113.99525
7161,88.17167
7163,85.73321
7164,92.607666
7167,75.555954
7169,98.70522
7170,88.72771
7173,87.79897
7174,98.05115
7177,105.69438
7178,98.816345
7179,87.89794
7180,68.298195
7181,106.44192
7182,87.83536
7184,88.73588
7185,109.18922
7186,84.806114
7187,113.551
7188,85.498
7189,107.51948
7191,95.92479
7193,106.87078
7197,92.89621
7199,86.00889
7200,106.5836
7201,90.75691
7204,87.9389
7207,106.17785
7209,107.16901
7210,88.353584
7211,101.12968
7213,88.26158
7214,109.035286
7216,105.91557
7217,90.0982
7220,108.383545
7224,104.53389
7225,89.02914
7226,105.91556
7227,89.132195
7234,109.18922
7236,76.07229
7239,97.40477
7240,87.19316
7242,110.09551
7244,105.63788
7245,85.93429
7247,105.51643
7248,84.338776
7249,112.43711
7250,106.08805
7251,88.305695
7252,106.33845
7253,76.74873
7256,89.570206
7260,89.62714
7261,107.295975
7264,92.51245
7269,105.12993
7270,90.34353
7273,108.32339
7279,84.82981
7281,106.27025
7284,87.23505
7285,99.26306
7286,113.71299
7287,85.42004
7289,87.95016
7292,87.78745
7293,106.23758
7296,86.31315
7297,105.646515
7298,87.27601
7299,112.03471
7301,97.69111
7304,106.53048
7306,112.39646
7308,87.95016
7309,94.98484
7312,87.31055
7313,76.74873
7314,88.13246
7316,90.720215
7319,116.4196
7321,93.67065
7323,91.70296
7324,98.1935
7325,88.085205
7328,94.52535
7330,75.71668
7334,86.80609
7337,109.11029
7338,90.34256
7339,89.589226
7341,85.635155
7342,105.2868
7344,107.462715
7345,104.60983
7347,106.20418
7349,106.27025
7350,87.98184
7353,102.82345
7355,104.59353
7356,86.36325
7357,109.811615
7358,91.99459
7360,88.53076
7363,97.46858
7364,88.583755
7366,90.13173
7368,87.59987
7369,106.79256
7370,87.980286
7373,90.71811
7374,108.44794
7375,89.89586
7377,89.36532
7379,85.11346
7380,108.57825
7382,108.16016
7383,90.790565
7385,89.15553
7386,98.39537
7391,89.35602
7394,102.03874
7396,106.08805
7397,86.41265
7399,89.63398
7400,100.14573
7403,76.13196
7405,106.23987
7408,106.533714
7414,104.54094
7416,98.86204
7417,88.65549
7419,87.60016
7420,98.06528
7421,89.909584
7422,89.78553
7423,99.939186
7425,75.485245
7430,87.511665
7432,90.9928
7433,88.0168
7434,108.77719
7436,107.684395
7437,85.61486
7438,98.03317
7440,99.14177
7441,87.77428
7442,107.58797
7445,106.8873
7446,94.81022
7448,104.49656
7450,94.94046
7451,88.351845
7454,107.94194
7455,85.11517
7457,107.99661
7459,95.52757
7462,88.93863
7464,88.351845
7465,103.812195
7466,90.15533
7467,103.61965
7469,106.83741
7472,87.26233
7473,103.405075
7479,86.80609
7480,97.44043
7484,106.854744
7491,87.949036
7494,95.77442
7495,89.970856
7501,86.16712
7503,86.99676
7504,99.048676
7505,86.26693
7508,104.549194
7509,88.49231
7510,76.74873
7511,105.62492
7515,86.41657
7516,100.06463
7517,90.31973
7518,97.690125
7519,87.46096
7521,89.78602
7522,96.553825
7524,100.925766
7526,98.66685
7527,87.06691
7528,97.59726
7529,89.32977
7534,103.7847
7537,107.14509
7538,86.43769
7540,86.82894
7541,104.33889
7545,104.91089
7551,106.37579
7553,89.489746
7554,97.51649
7555,93.90517
7561,105.61701
7562,89.3199
7564,87.24116
7565,99.56739
7566,91.22051
7567,101.53411
7569,97.16417
7570,85.84716
7571,109.01212
7572,88.438194
7574,97.89304
7578,107.92716
7579,89.73599
7586,83.07287
7587,86.094666
7590,88.8331
7593,103.405075
7594,87.27062
7595,91.22051
7600,88.90703
7601,75.60342
7602,88.13975
7603,107.070786
7604,88.17987
7606,88.54669
7608,106.440636
7613,75.49951
7615,105.76762
7616,107.24346
7617,112.64964
7618,87.06691
7619,97.87868
7622,86.850426
7623,98.90111
7624,89.31473
7625,98.02892
7626,90.125275
7627,99.89793
7628,68.131836
7631,100.429085
7632,99.60506
7633,88.36668
7634,111.15014
7635,91.65048
7636,109.04573
7637,109.04573
7639,88.29587
7640,75.3925
7644,106.22651
7645,88.99029
7648,100.73558
7649,90.47414
7650,105.20835
7652,103.8122
7653,88.706375
7655,89.63745
7659,105.56996
7662,88.93267
7664,87.95516
7666,89.34107
7668,90.38596
7669,105.3266
7670,89.222084
7672,89.050674
7673,105.87563
7678,84.71922
7679,73.06226
7680,99.28934
7683,90.00152
7685,113.713
7688,89.38973
7690,106.28363
7692,87.84381
7693,89.44237
7695,109.11029
7696,88.85064
7698,89.02255
7699,108.984314
7702,88.26032
7703,105.630714
7704,92.31231
7707,105.62492
7713,77.43515
7715,98.11813
7717,107.14795
7718,88.60084
7719,99.572624
7721,106.123985
7722,91.26732
7725,97.23876
7727,100.776634
7730,69.10565
7733,89.00972
7735,95.68399
7740,105.70711
7741,104.95308
7742,85.77415
7744,108.853676
7747,87.16484
7750,75.247856
7752,105.21628
7754,106.828
7756,96.39558
7757,91.20747
7758,100.0651
7760,98.510475
7761,87.44018
7763,111.18249
7765,87.47127
7767,109.5478
7768,86.942444
7771,84.814514
7773,85.83082
7774,107.16525
7776,99.349075
7779,86.600006
7783,84.77
7786,96.73268
7787,89.287704
7789,85.95875
7791,87.254456
7793,89.52282
7794,106.96689
7795,86.94095
7799,75.32051
7800,99.29054
7802,93.1467
7805,103.893394
7807,96.93349
7808,87.059166
7811,98.06454
7817,106.03201
7818,98.996994
7819,87.22017
7822,86.57538
7823,105.26847
7825,105.70365
7828,89.22132
7832,88.19299
7833,76.37464
7834,103.912476
7835,87.79395
7837,88.91048
7840,87.69732
7842,83.58478
7843,102.75931
7844,86.3679
7846,87.44018
7850,88.889084
7853,104.103905
7855,105.822556
7858,87.025795
7863,105.23474
7865,105.645515
7866,86.99064
7868,86.78342
7869,108.173584
7871,75.05559
7872,99.338875
7874,96.77273
7877,105.9897
7878,87.235565
7879,104.65615
7881,87.55519
7883,88.0808
7885,97.36326
7886,88.854324
7889,88.206474
7890,100.31446
7891,87.19756
7893,84.43778
7894,94.309364
7896,104.852715
7898,94.480965
7901,85.885124
7902,105.450714
7904,104.98652
7905,88.658936
7906,115.3026
7909,86.82558
7910,96.797806
7913,88.99282
7918,106.22113
7919,90.96782
7923,82.44356
7925,86.132256
7927,83.12707
7930,87.73183
7932,85.80155
7933,86.48353
7935,87.56345
7939,97.508316
7942,86.07945
7943,106.650734
7945,101.96463
7946,86.68968
7948,89.07978
7949,103.34832
7950,86.69825
7951,109.5478
7955,98.35349
7959,87.282364
7960,105.70711
7961,83.903824
7962,97.2383
7964,95.85447
7965,93.82999
7966,105.418175
7967,99.26461
7968,87.89479
7971,95.50339
7974,90.96782
7976,101.296074
7978,106.41355
7982,105.70711
7983,87.13354
7984,99.53964
7986,88.73882
7989,103.34832
7991,105.450714
7992,113.18324
7993,86.887436
7994,104.4224
7995,88.19299
7997,84.044136
7998,99.53964
7999,106.03201
8002,84.30511
8007,90.36561
8009,87.12694
8011,91.82124
8013,89.69961
8015,97.85321
8017,105.104675
8019,113.893936
8023,87.83075
8024,105.71603
8026,105.38019
8027,85.56837
8029,84.37063
8030,107.22522
8031,89.88386
8033,87.00678
8035,86.59539
8036,97.0294
8039,96.72741
8042,84.49204
8044,87.50458
8046,71.07928
8048,108.35349
8049,88.658936
8050,97.740585
8053,85.42096
8054,86.877975
8059,86.89165
8061,88.301
8062,104.69177
8064,108.06229
8066,99.34851
8067,86.75983
8068,87.58829
8070,87.6001
8071,104.85615
8072,88.684425
8076,86.22619
8080,85.53237
8081,111.30412
8084,98.890945
8087,106.89623
8089,83.88539
8090,108.76373
8091,98.10357
8094,107.620735
8100,84.630135
8101,87.28467
8110,87.04595
8111,105.450714
8112,91.45165
8115,108.3491
8116,91.40667
8118,108.06229
8121,112.97245
8125,105.99437
8127,105.913315
8128,88.83432
8129,104.946175
8131,97.62635
8138,86.86667
8139,96.50689
8140,86.5377
8141,85.83082
8142,105.71729
8143,104.47618
8145,105.38019
8146,84.38119
8148,105.62278
8153,106.58868
8154,85.84311
8155,110.84812
8161,86.90419
8162,104.843025
8163,87.269485
8166,105.477715
8168,104.55899
8170,88.90844
8172,107.213974
8173,92.31213
8176,97.33698
8179,87.75017
8181,89.49195
8182,112.658455
8184,104.911835
8190,98.53519
8191,88.18593
8194,108.23621
8196,106.38846
8198,104.87261
8199,103.94636
8201,104.19873
8202,86.430016
8207,92.61888
8208,104.89036
8211,105.08632
8214,106.31552
8217,87.80527
8218,106.19505
8222,84.61114
8229,96.256775
8231,90.84608
8233,87.60687
8236,87.043144
8238,107.685265
8240,95.550514
8243,97.40019
8246,106.34448
8250,89.02649
8254,92.31127
8256,74.606064
8257,105.256485
8258,83.6271
8260,89.25015
8261,104.67089
8263,109.65972
8264,87.44298
8267,104.3943
8268,84.3915
8271,87.610306
8272,104.89036
8275,86.66424
8276,89.25697
8277,97.41417
8278,113.11085
8279,87.50723
8280,105.3034
8281,89.034935
8282,104.08476
8287,105.16441
8288,91.12542
8289,110.24887
8294,86.010574
8296,87.566444
8299,104.57261
8302,97.32392
8308,103.6433
8314,97.88756
8315,89.715004
8316,101.248566
8317,90.210434
8319,110.515915
8320,88.49219
8321,114.5177
8323,89.4715
8325,85.63275
8326,103.57581
8328,105.480354
8330,98.88793
8331,88.298645
8332,103.94708
8334,87.445946
8338,87.1818
8339,91.77638
8341,85.70083
8345,103.78328
8346,88.64422
8347,96.60838
8349,88.59302
8351,87.90008
8352,103.95494
8353,105.480354
8355,104.13516
8358,105.61558
8359,99.65942
8360,87.58269
8361,104.74456
8363,95.824974
8364,85.797615
8365,88.35443
8366,96.479576
8370,104.394226
8372,85.65448
8376,89.36799
8377,107.4859
8379,105.60463
8380,83.38612
8381,106.85997
8386,84.620285
8388,95.789566
8389,87.070656
8391,104.25568
8394,92.31127
8396,97.17479
8398,97.00662
8400,106.62888
8401,85.78392
8404,85.70083
8407,89.55629
8408,102.51075
8409,106.34124
8410,98.40896
8411,89.60867
8413,87.70076
8414,103.37574
8416,86.17945
